[{"heading":" Interesting premise for a comedy","review":"YEH TERAA GHAR YEH MERAA GHAR offers a very interesting premise for a Hindi-pop musical-comedy: A young Indian beauty, Mahima Chaudhry, uses strong tenant laws to eventually take away the property she rents from the owner who had worked long and hard to build the property and offer it for rent.Chaudhry thrives as she sings, dances, and plays the bad girl to the hilt. Most interesting.","imdb_rating":0,"our_rating":0,"algo_label":0},{"heading":" Excellent movie","review":"The movie is really very good. The story is outstanding . I liked it very much. I think this movie has every part of a good movie. It is a great movie to pass your time. Yeh Teraa Ghar Yeh Meraa Ghar (Hindi: ये तेरा घर ये मेरा घर; English: This is your house, this is my house) is a 2001 Indian film directed by Priyadarshan. This story of the film is an adaptation of the Mohanlal starrer movie Sanmanassullavarkku Samadhanam.The film stars Sunil Shetty, Mahima Chaudhry and Paresh Rawal.","imdb_rating":10,"our_rating":0,"algo_label":0},{"heading":" not as good as hera pheri","review":"the movie starts out well , makes you laugh many times but suddenly gets serious and sentimental towards the end. very good comedy acting by sunil shetty and paresh rawal. Mahima is not that good in a deglamorised role and playing a maharashtrian brahmin does not suit her especially with her heavy Delhi accent. songs are decent. overall a good time pass. the movie could have been better.","imdb_rating":0,"our_rating":0,"algo_label":0}]