[{"review":"I Prouds of my country that lives actor in india as a akchhay sir and amit sir. and who something do to country.........and this movi is very very best. And I request to all indian people that keep the think as amit and akchhay sir","label":0},{"review":"POST\nAb Tumhare Hawale Watan Saathiyo (2004)\n\nmangal singh\nPosting publicly.Learn more\nYour feedback helps others decide which movies to watch.\nNice \nWonderful movie","label":0},{"review":"I love the movie because the film is inspired all the people. And we proud our soldiers. Because they are so heard working because they saved our country.","label":0},{"review":"Amazing Movie. I don't Know why Good movie always make low box office amount. Fool Public","label":0},{"review":"They soon finds but about a plan to destroy peace between INDIA and PAKISTAN.. I LOVE MY COUNTRY I LOVE MY NATION","label":0},{"review":"Good and I'm always very happy bcz indian army defence and protect us so thank u and love u bsf","label":0},{"review":"I proud to at this film. And it suggests that how should be an Indian army and what is our tallent?","label":0},{"review":"This is the best movie ever .. Amit sir akshay sir & booby sir acting are excellent..","label":0},{"review":"One of the worst war movie ever Based on our indian Army\nWeak direction & Screenplay and the Performance of Star cast specially bobby deol","label":0},{"review":"I love that movie because a one song I like the humne tumse huwa hai pyaar hum Kiya Kara that song ❤️💞 ❣️","label":0},{"review":"#fantastic#fabulous#mindblowing#vandematram#jaihind🇮🇳thanks to Indian arm forces for saving our lives#Everytime❤️thanks to Indian Navy 🇮🇳 thanks to Indian air Force 🇮🇳#jaiBharat❤️we all love you❤️❤️😇","label":0},{"review":"I like  this movie due to its thought , action and deep love","label":0},{"review":"Very good movie tells about humanity lives across both sides of borders....","label":0},{"review":"I love this movie specially Akshay Kumar Sir Acting\nLove u Akshay Sir","label":0},{"review":"Patriotic movies are always my favourite, Nd this movie is one of my favourite🇮🇳","label":0},{"review":"Heart touching movie..... I really liked this","label":0},{"review":"What a wonderful movie ,I am proud of my country","label":0},{"review":"Josh😎😎😎😎i slute my Indian army. They are real heroes of our country\nJai hind","label":0},{"review":"This movie gives me a feeling of power to defeat the enemy...😘","label":0},{"review":"Personally felt very good movie.. with akshay kumar excellent acting...","label":0},{"review":"Nice movie this make proud to be an indian","label":0},{"review":"When I hear something patriotic and specially about indian army I got goosebumps","label":0},{"review":"Hats of to Anil Sharma Ji because I love this movie","label":0},{"review":"This film has my heart. All the shayaris❤️","label":0},{"review":"My best movies  and  akshy kumar  ki sayri","label":0}]