[{"review":"I have no word to explain how much i love this film, this is one of the best romantic - comedy of bollywood, i cant stop laughing while watching its funny scenes. Dialogue delievery, acting everything is sooo good. 😍😍😍😍😘😘😘😘😘😘 Its emotional scenes are very heart touching too, in short the film is complete package of entertainment. 👌👍","label":0},{"review":"Let entertainment be entertainment, and even though I keep in mind that a film of that sort is meant is a commercial venture, that is meant to appease the public to raise cash, I must retort to saying that this movie is full of pathetic scenes, which makes even me laugh, for they are ludicrous. The extent to which a director has gone, in drifting away from reality, to usher in the ludicrous, is, in itself, ludicrous. It is good time killer, if that is all it is. But, if the need be to see a good ...MORE","label":0},{"review":"Let entertainment be entertainment, and even though I keep in mind that a film of that sort is meant is a commercial venture, that is meant to appease the public to raise cash, I must retort to saying that this movie is full of pathetic scenes, which makes even me laugh, for they are ludicrous. The extent to which a director has gone, in drifting away from reality, to usher in the ludicrous, is, in itself, ludicrous. It is good time killer, if that is all it is. But, if the need be to see a good movie, this is surely not it.","label":0},{"review":"This is one of my favorites I really love it and ranbeer's performance was fab If I watch this movie 1000 times but never get bored of watching it This movie has action, romance, comedy, emotions its like full package of entertainment by this we learn that we should help others","label":0},{"review":"My fav movie..comic timing is superb. Katrina's expression 👌👌ranbir is so cute and innocent in this movie. I love all the songs Screenplay is superb. The climax scene is heart touching one. Salman's cameo💪💪is super..","label":0},{"review":"I love this movie soooooo much. I have seen this many times but not feeling boring. This is the best romantic and comedy picture I have ever seen.  This made a big fan of Katrina Kaif and Ranbir Kapoor too.","label":0},{"review":"Ranbir kapoor has delivered exceptional performance as a one side lover. He is the god of method acting. I watch this movie only to see his flawless acting. Highly recommended.","label":0},{"review":"A perfect blend of romance, comedy and emotions. All the stress gets released and you laugh, smile and thoroughly enjoy. Superb music is an icing on the cake.","label":0},{"review":"It,s very fantastic and heart touching movie and ranbeer performance is excellent and music is the best of this movie .and at the last i would like to say that we should help others this movie learn us that love  makes life.","label":0},{"review":"This is one of my fav movie. I luv to see this movie again and again. Ranbir's acting is too good and very comic. I luv it alot","label":0},{"review":"I had loved the simplicity of the film, a must watch for people who has fallen in love for the first time. Amazingly refreshing and warm movie. Must watch!!","label":0},{"review":"Prem & Jenny's romantic moments are endearing and with light comedy this movie can be watched in any gathering. And this romcom will surely bring a smile on your face.","label":0},{"review":"I watched this movie in my childhood. This movie is very amazing. Full of comedy full of romance and full of laughter club","label":0},{"review":"Awesome movie one of my favourite a simple love story with comical situations rather than waste thrillers just loved it everyone must watch It","label":0},{"review":"n don't have words for this movie like everybody else. The best romantic comedy movie, one of such movie which can be watched and enjoyed by every generation","label":0},{"review":"This is a great movie. Imotion ,entertainment and music.music is the stongest point of the movie. The best movie of ranbir kapoor.","label":0},{"review":"Storyline is very thin but Ranbir Kapoor is enjoyable.It was also good to see director Rajkumar Santoshi trying his hand in the comedy genre of cinema.","label":0},{"review":"BEST film for me. \nCan't describe in words. This movie shows us what is a true love.","label":0},{"review":"You will never feel bored while watching this film....one of the best romantic comedy film of Bollywood great acting by Ranbir.","label":0},{"review":"Very Beautiful Film Very Well Acted And Directed The Magical Chemistry Between Ranbir And Katrina The Best Movie Of Ranbir Kapoor 5*movie","label":0},{"review":"It is like our home .I never fill any problems. It is the best for me","label":0},{"review":"This is one of my favorites I really love it and ranbeer's performance was fab If I watch this movie 1000 times.. ❤😘❤😘❤😘❤😘❤😘❤😘","label":0},{"review":"It's a movie to which I watched approx 25 times and the song \"tu jaane na listen 1000th of times. 👍❤","label":0},{"review":"Really good emotional , romantic comedy love story. Always enjoyable","label":0},{"review":"I didnt like this movie stroyline was rubbish only songs were good. I dont know why rajkumar santhosi make this kind of horrribel movie.","label":0},{"review":"My fav... I m in lv with this couple... The emotional  and funny moments are equally....heartouching🤗","label":0}]