[{"review":"I dont think its a good movie qki isse b kahi kahi jda achi comedy movies h like dhamal dhol all the best etc you should watch these. Bol bachchan is not worth","label":0},{"review":"A very good movie done by actor abhishek bachchan and director rohit shetty. A very nice common c timing.  Hit like from my side for this movie.","label":0},{"review":"Very nice acting of Abhishek Bachchan and Ajay Devgan I loved this movie.really I laughed a lot.i love Abhishek Bachchan","label":0},{"review":"Hey rohit shetty, no thanks for ruining one of my favourite classic movies. Classic Golmaal fans, this is going to be a nightmare.","label":0},{"review":"Bol bachchan is my only favorite film. I love it very much.","label":0},{"review":"Underrated movie... Makes me laugh everytime i watch it","label":0},{"review":"I think its movie is a very very nice i like it","label":0},{"review":"Ajay devgan super acting.abhishek bachchan nice.rohit Shetty super direction😁😆❤","label":0},{"review":"Amazing movie.. Full of entertainment","label":0},{"review":"On e of the Best comedy movie","label":0},{"review":"Absolutely funn ful movie","label":0},{"review":"The best movie of 2012","label":0},{"review":"Best comedy","label":0},{"review":"Abhishek Bachchan career best performance till date","label":0},{"review":"Awesome! family movie","label":0},{"review":"Nice comedy movie","label":0},{"review":"I love you my India","label":0},{"review":"First movie like abhishek bachchan action role.","label":0}]