[{"review":"I love this movie, Chennai Express, and I am American, but not Indian.... I laughed a lot and think it was very entertaining..... I have watched it five times now and I will watch it more.... The movie is absolutely fantastic and the interaction between the two leads is amazing....  The faces that they made and the non-verbal communication between them is superb. Their verbal communication is well timed and full of humor......  The fight scenes are intense, but the courage and strength of heart  ...MORE","label":0},{"review":"I love this movie, Chennai Express, and I am American, but not Indian.... I laughed a lot and think it was very entertaining..... I have watched it five times now and I will watch it more.... The movie is absolutely fantastic and the interaction between the two leads is amazing....  The faces that they made and the non-verbal communication between them is superb. Their verbal communication is well timed and full of humor......  The fight scenes are intense, but the courage and strength of heart was almost tangible. The growth of character and the mutual support was inspiring..... Also the landscapes, waterfalls, the train, the Temple, the people, the costumes, the dancing, the singing, etc.... were beautiful......","label":0},{"review":"Well, it's an Indian movie. There's always some bluffing and songs and unique romance. It has been one of the best movies I've seen. Although, The language could be English, it's still one of a kind. \nAnother thing is that, it's a comedy movie somehow. The comedy ,I believe, could  be better understood for eastern and middle east countries. I know it because I watch american comedies.\nAnd the most important thing is it's songs. The combination of the eastern and western music makes it the best.  ...MORE","label":0},{"review":"Well, it's an Indian movie. There's always some bluffing and songs and unique romance. It has been one of the best movies I've seen. Although, The language could be English, it's still one of a kind. \nAnother thing is that, it's a comedy movie somehow. The comedy ,I believe, could  be better understood for eastern and middle east countries. I know it because I watch american comedies.\nAnd the most important thing is it's songs. The combination of the eastern and western music makes it the best. Believe me, you are gonna like it! \nIn conclusion, this movie surely differ from other Indian ones. So, for starters watch this movie and for those who are into Indian, it is still recommended.","label":0},{"review":"Well, Chennai express may have crossed the Rs. 200 crore mark  But to make a movie that is nothing but sheer nonsense shows that the actor and the Director are in no mood to make a movie that is superb in content and worth a watch more than once. Chennai Express is nothing but a safe bet that has clicked mostly because of the hype and the only movie to be screened during the holiday season. To end with, the Director's attitude is to make movies for the masses, well i am one among the masses and  ...MORE","label":0},{"review":"Well, Chennai express may have crossed the Rs. 200 crore mark  But to make a movie that is nothing but sheer nonsense shows that the actor and the Director are in no mood to make a movie that is superb in content and worth a watch more than once. Chennai Express is nothing but a safe bet that has clicked mostly because of the hype and the only movie to be screened during the holiday season. To end with, the Director's attitude is to make movies for the masses, well i am one among the masses and you have failed miserably. Also, this thing wont work for long, because some day content will actually be the king","label":0},{"review":"Well i liked it.  Overall it's a rom-com movie. Somehow it's shows indian society, views, way of thinking, family values. And most of how 2 people from different cultures, different languages unites by love. And as a Indian I know how north and south not get along because of language thing. Somehow it shows this situation in a dramatic way. At last I love it.","label":0},{"review":"Well, it's an Indian movie. There's always some bluffing and songs and unique romance. It has been one of the best movies I've seen. Although, The language could be English, it's still one of a kind. \nAnother thing is that, it's a comedy movie somehow. The comedy ,I believe, could  be better understood for eastern and middle east countries. I know it because I watch american comedies.","label":0},{"review":"Fantastic thrilling, comedy, melody, serious, action movie. I salute for each and everyone acted, and also done a great job in this Chennai Express. I can't Express my Expression.  I loved a lot watching this movie. Hats off. Good film .","label":0},{"review":"Very good movie of Sharukh Khan. Really entertaining to see the South Indian Culture. It was a hit film. Great Acting by all the Artists. Why this movie is not getting downloaded on net.","label":0},{"review":"It is an amazing movie that if u could understand both the language then it would be more fun to watch the film 😍 shah rukh killed it with his as usual amazing performance in the film😉😎 overall a blockbuster film😍 all the credit goes to the director @rohitshetty as the movie was filled with lots of excitement 😊😍","label":0},{"review":"Worst movie I have never seen in my life. Utter rubbish. I didn't understand a single story of this film . Paisa wasul movie. Actors acting were nonsense. Only VFX quality and songs were good. Thaliva the boss was there as a camio that's why audience giving thums up to this movie other wise there was nothing special in that movie. Rubbish movie.🤜🤜🤛👊😠😠😠","label":0},{"review":"This is Shah rukh Khan's greatest blockbuster film with Deepika Padukone. I like Shah rukh Khan's action,acting & romance! Deepika also play very good. This film is perfect mixture of Comedy, romance, action! I love this movie!!!","label":0},{"review":"This movie was a very entertaining movie both funny and romantic at a same time. I love the chemistry in between Sharukh Khan and Deepika Padukone. I love that movie and watched more than 5-6 time still wants to watch more.","label":0},{"review":"Awesome movie . At its release time due to critics i don't watch it but when today i watch the movie on tv i feel that it is  one of the best movie which i have seen in my life.","label":0},{"review":"One of the best movies of bollywood  because  srk played a wonderful role....\nAnd the story was too gud luv this movie .And cannot forget the comedy in the film....luv u srk a big fan of your....😎😎😎😎","label":0},{"review":"This is the first movie I'm gonna watch with my wife,not a girlfriend,wife.My favourite scene,when they go up the stairs,and the meaning of it,to strengthen our bond in a marriage,wow.love it,love it all.","label":0},{"review":"This movie is amazing. It is filled with adventure, comedy and romance. You can't stop watching it and it never gets old. It is one of  my favorite movies.","label":0},{"review":"This is an hilarious movie i love it. SRK is hilarious and it is part of his 2009 to 2020 movies because he looks better in his movies today than his old movies But i love him anyway","label":0},{"review":"It's just a just Entertaining MOVIE .take it easy . Don't think logically. Just enjoy it . You will definitely like that movie. 4.0/5","label":0},{"review":"Awesome movie ....I never seen such a film \nin my life...comedy, action, romance all are superb...I humble request to the rohith shetty sir please make one more another film like this... 😀😍👌","label":0},{"review":"Awesome movie by SRK & DP.\nEveryone has played their role very nicely .\nOne of my favorite director\n                ROHIT SHETTY","label":0},{"review":"Success of every movie is totally depends on the core story whether it is thrilling or comedian ...in this movie the blend of thrilling and comedy is totally fantastic...I felt happy genuinely after watched the movie...well done Shahrukh and Deepika","label":0},{"review":"Srk overacted in some scenes, Deepika was superb, songs were nice and some very funny sequences. 1st half is better and ending could have been much better.\n2.5 out of 5.","label":0},{"review":"it is an amazing movie that if u could understand both the language then it would be more fun to watch the film 😍😍😍 sharukh killed it with his as usual amazing performance in the film😎 overall a blockbuster film😍🔥🔥🔥🔥💪","label":0},{"review":"Awesome, this is one of the best movies of SRK. I can give 10 out of 10 marks for this comedy & action packed movie with beautiful songs.","label":0},{"review":"This is a really really good movie i love all SRK movies none are bad but I like Dilwale and Dilwale dulhania le jayenge more.But the thing is that Chennai express Dilwale dulhania le jayenge and Dilwale they are all SRK movies.","label":0},{"review":"Great rom-com movie. Srk and deepika are best. The message of the movie is so great. One must watch this movie.","label":0}]