[{"review":"Amazing movie. Great acting by Akshay Kumar, Sunil Shetty, Paresh Rawal and the others. This movie will not disappoint in terms of comedy. No matter how deeply you critique the comedic scenes, they'll always seem genuine. Pure Masterpiece.","label":0},{"review":"My hero is so dashing in this film and what a film superb comedy and actions and my hero akshay kumar no one can never match him as compare to his charm and stunts","label":0},{"review":"The plot of this film is copied from the Hollywood movie \"There's something about Mary' which released back in 90's.Such a shame!","label":0},{"review":"Best part was when Akshay Kumar tells Shahid Kapoor about Tanya when he goes to Dubai.😂😂","label":0},{"review":"It's one of the best comedy movie.. superb acting by Akshay Kumar.","label":0},{"review":"THE BEST COMEDY MOVIE EVER MADE IN BOLLYWOOD\n\nRate. 10 out of 10","label":0},{"review":"copy of there is something about mary but addition of scientist murder makes it unique for its own audience","label":0},{"review":"Akshay kumar is all rounder great film all character are fabulous","label":0},{"review":"Full entertaining movie and comedy was fantastic","label":0},{"review":"Awesome movie for comedy loves","label":0},{"review":"great comedy movie, fantastic performance by all stars.....","label":0},{"review":"Super movie .  Comedy . Love story ❤️❤️❤️❤️ suspense 😊😊😊😊and all lovely hero's ❤️❤️❤️❤️❤️❤️❤️❤️❤️❤️❤️❤️❤️❤️❤️❤️❤️","label":0},{"review":"Ossom movie","label":0},{"review":"Full masti masala movie","label":0},{"review":"Nice movie\n\nFull Enjoye","label":0},{"review":"Super fun movie","label":0},{"review":"Definitely my favorite","label":0},{"review":"Akshay Kumar and Anna comedy is best....","label":0},{"review":"Very good film","label":0},{"review":"Underrated comedy film","label":0},{"review":"Fantastic &😃😃😃funny movie","label":0},{"review":"Akshay Kumar is great actor","label":0},{"review":"Quite nice 👍","label":0},{"review":"Full timepass movie","label":0},{"review":"Copy of There's something about Mary","label":0}]