[{"review":"On of the few movies which are really close to my heart.\nDirection, songs and story are top notch. But Acting could have been better.\nOver all 8/10","label":0},{"review":"It is good movie and it gives us a good message about what type of real life scenarios are there .","label":0},{"review":"Very very Sweet Gesture.... So much of Message giving about reality... Loved this Movie 👏✌️👏⭐⭐⭐","label":0},{"review":"very nice movie .it's message to us . sometimes we face in real life also","label":0},{"review":"Awesome movie...I loved it..But the ending was a little bit sad....Otherwise Awesome...I recommend everybody to watch...","label":0},{"review":"So nice movie!! Entertaining one! However felt bad for guys!","label":0},{"review":"I liked it. But it has similarities with pyaar ma punchnama","label":0},{"review":"Really upset with the rating the movie got deserved almost a 7.5 rating for this any time watch film!","label":0},{"review":"yeah , really its a very good movie.\ni enjoyed it........","label":0},{"review":"Very satisfying, soothing and enjoying movie, made my day!!","label":0},{"review":"Good movie. ..this movie shows character of female's nowadays 😊☺","label":0},{"review":"Nice movie,  u can watch nd enjoy it","label":0},{"review":"Best movie ever Madhur Bhandarkar","label":0},{"review":"Good movie and life favouring","label":0},{"review":"Great movie...I love AJAY DEVGAN","label":0},{"review":"V. Good movie I am watching 5 times great funny movie..... 👍👍👍👍👍👍👍","label":0},{"review":"Wow!such an amazing movie","label":0},{"review":"good movie, a nice intertainment","label":0},{"review":"Nice movie","label":0},{"review":"Fantastic all guy's.","label":0},{"review":"Actually interesting movie h","label":0},{"review":"Boring actually","label":0},{"review":"Good movie. ..this movie","label":0},{"review":"Boaring. Slepey movie.","label":0},{"review":"Ajay dosen't deserve dis kind of character .....","label":0}]