[{"review":"If you have to gauge the movie by standard norms, it's not a great movie. But one must watch it for amazingly comedy dialogues and duel between Govinda and Kadarkhan. I watch it every single time it runs on TV.","label":0},{"review":"One of the best comedy movie of all time,best actors are govinda, khader Khan,Asrani n Jonny lever.Once of the best movies of 90's.Khader Khan sir we miss u sir.One of the finest actor is not with us...","label":0},{"review":"Very nice and very interested in the position and would like to know if you have any questions please feel free you","label":0},{"review":"One man that is not been credited at once by the reviewers is the one and only 'Asrani ji'.. I loved his comic timing and performance","label":0},{"review":"Dulhe Raja Movie is very good and Govinda Ji and Raveena ji best role is Full Acting Full Comedy Movie","label":0},{"review":"Dulhe Raja full comedy masala movies,, i love to watch this movie again n again","label":0},{"review":"Best comedy movie .. what a comedy by great actors .... jitni baar dekho kam hai","label":0},{"review":"Yaa that's very good and cut movie.I like at","label":0},{"review":"Nice movie of Govinda and good comedy role of Kadar Khan and Jony Lever","label":0},{"review":"One of best movie.with an clever mind of govinda","label":0},{"review":"One of the best comedy movies of anytime","label":0},{"review":"Very entertaining and full of laughter film।","label":0},{"review":"My favorite comedy movie of all time","label":0},{"review":"One of the best comedy movie","label":0},{"review":"All time classic comedy every bit.I watch it again and again.","label":0},{"review":"Dulahe raja best movie","label":0},{"review":"Best comedy forever","label":0},{"review":"Best movie ever","label":0},{"review":"One of my Favourite.","label":0},{"review":"Nice comedy movie","label":0},{"review":"Nice movie","label":0},{"review":"Very good movie","label":0},{"review":"Super romantic song","label":0},{"review":"My favorite movie","label":0},{"review":"Nice acting for govinda","label":0}]