[{"review":"Ek Tha Tiger is probably the first major action film which disappointed me to the core. Had expected it to be an out and out action thriller, but all it turned out to be was nothing but a romantic action comedy/drama. The action was excellent, but the screenplay failed to make a mark. The first half was an absolute disaster as there were so many random things happening. The second one was very slow. The film as a whole was extremely boring despite of energetic action. Even the handful of twists  ...MORE","label":0},{"review":"Ek Tha Tiger is probably the first major action film which disappointed me to the core. Had expected it to be an out and out action thriller, but all it turned out to be was nothing but a romantic action comedy/drama. The action was excellent, but the screenplay failed to make a mark. The first half was an absolute disaster as there were so many random things happening. The second one was very slow. The film as a whole was extremely boring despite of energetic action. Even the handful of twists appeared uninteresting because the romantic parts made me lose interest, completely.","label":0},{"review":"The movie is sort of watchable. \nGoods: Acting by All actors,visual effects,action sequences,good locations,average screenplay.\nBad:Logic less placement of  action sequences ,illogical situations.,weak dialogues.\nThis movie is just for Salman fans and for the action loving audience otherwise avoid this movie","label":0},{"review":"The chemistry between Katrina and Salmaan was very eye pleasing to watch. There were many good moments in the movie. Overall good movie to watch. Much better than Salmaan last release","label":0},{"review":"A very interesting and entertainment as well action and everything fantastic.\nI love this film due of favorite bhaijan Salman Khan her truly girl friend and my favorite Katrina kaif.\nLove you both.","label":0},{"review":"story,script, action,direction,cinematography,edition,song,dance,choreography everything superb with international standard proving indians are not less than anyone in the different domain viz as mind money and muscle synchronis/zation","label":0},{"review":"I don't care what others say about this film ..But for me it's my fav....Not a fan of action and it bores me ..But this action romantic drama movie has stolen my heart right from 2012 to infinity and refuses to give it back to me ..... I have wTched this movie numerous times....Better than bajirao mastani , raam leela , padmavat and many other overrated movies","label":0},{"review":"Hello brother, we are speaking to you with heart, very much like you in this picture and very fairly heartily see this picture. Tiger My Life Beautiful Image and Beautiful Picture","label":0},{"review":"Nice movie..\nIncredible action by Katrina Kaif....\nVillain waar also very much nice...\nAnd acting of Salman khan was very much good..\nAnd all the cast was incredible...","label":0},{"review":"katrina kaif is so beautiful and cute that film is so amazing movie \n if you are katrina kaif fan so like here. plz plz plz it's important for katrina kaif not for me plz like here. 🙏🙏🙏🙏🙏🙏🙏🙏🙏🙏🙏🙏🙏🙏😓😓😓😓😓😓sorry katrina kaif i did't even post you any gift in your birthday sorry🎁🎁🎁🎁🎁🎁🎁🎁🎁🎁🎁🎁🎁🎁🎁🎁🎁🎁🎁\n\n\n                                                        Date: 1 oct 2019.\n                                                        Season: spring\n                     ...MORE","label":0},{"review":"katrina kaif is so beautiful and cute that film is so amazing movie \n if you are katrina kaif fan so like here. plz plz plz it's important for katrina kaif not for me plz like here. 🙏🙏🙏🙏🙏🙏🙏🙏🙏🙏🙏🙏🙏🙏😓😓😓😓😓😓sorry katrina kaif i did't even post you any gift in your birthday sorry🎁🎁🎁🎁🎁🎁🎁🎁🎁🎁🎁🎁🎁🎁🎁🎁🎁🎁🎁\n\n\n                                                        Date: 1 oct 2019.\n                                                        Season: spring\n                                                        My age 12 year\n                                                       i live in Australia\n                                                       My favourite actress katrina.😭\n                                                       My name is Nazia zadran 💔💔💔💔💔💔💔💔💔💔💔💔💔💔💔💔💔💔💔💔💔💔💔💔💔💔💔💔💔💔💔💔💔💔💔💔💔💔💔💔💙💙💙💙💙💙💙💙💙💙❤❤❤❤❤❤❤❤❤❤💓💓💓💛💛💛💛💛💚💚💚💚.","label":0},{"review":"I think this is better movie to watch .\nSalman and katrina plays a key role in the movie and they are good to see.\nStory is good .editing is also good. \nI will see this movie again and again.","label":0},{"review":"Best movie forever this was a fully best movie because this action was superb really this was a fantastic movie this was salman khan's best movie i like it very much my favourite movie this was a only movie of salman khan that the earn the record of blockbuster then i was tell that this movie watch the people and one not tell that this is a boring movie every people must like this movie salman khan's best movie i was predicted that the next part of ek tha Tiger is unbelievable cost earn","label":0},{"review":"I love this movie. \nSalman,Katrina best action & thrilling acting in the movie.song superb . Totally good movie.","label":0},{"review":"if you are a salman khan fan then u will like these movie otherwise i can say one time watch\nyes salman did a wonderful job and katrina too","label":0},{"review":"Utter nonsense, this film doesn't deserve a pinch of appreciation. Can it be even called a story ? What was the director thinking ? It's a shame such films are mainstream Indian cinema for world audience.","label":0},{"review":"Action sequences are very good more than you expected. But plot seems a little boring. As story line is imperfect. Watch it only if you are an action lover.","label":0},{"review":"It's a great film to watch which combines high octane thrilling actions.It has a good story too and being a film of Salman Khan it is just fabulous.\n#TigerzindaHai❤❤❤❤❤❤","label":0},{"review":"Excellent movie of salman khan sir and katrina kaif mam,best direction of kabir khan sir, superb  romantic, emotional, touching,action packed thriller filim with amazing music,","label":0},{"review":"I loved the movie overall!\nThe chemistry between Katrina and salman pleased me!!#salkat\nThe film contained ENTERTAINMENT,ACTION ETC.","label":0},{"review":"Ek Tha Tiger is awesome movie salman khan is my fav.actor and his role was good in this movie I like it😘👍👌👌👌👏👏","label":0},{"review":"Aswmm movie ever by Salman sir and Katrina mam all things like action;romance;and all fighting senses are best in this movie...\n\nEk tha tiger..😊😊","label":0},{"review":"Fantastic movie by mind blowing  salman khan nd kat  😘😘😘 he is alway best he'll be my most fav no one hero","label":0},{"review":"Hlo dear...... Bahut hi achi film thi or uski story mind blowing lub u sir ND mem u r so cute and so handsome Hero","label":0},{"review":"Salman Khan looking fabulous..  Luv u sally always...  Salman Khan action is too great.. I really like this movie","label":0},{"review":"Why is he still alive??\nWaste of money.\nYes cinema is all about imagination but not that much.\nYou will come to know after watching.","label":0},{"review":"I have nooooooooooooooo words to tell about the movie this is so dam cooooooooooooool any one agree","label":0}]