[{"review":"It's really very nice movie with this movie we know about our a study our future that what we have to do in a life without study it's really amazing tooooo good movie 5 out of 5","label":0},{"review":"Nice Movie..!! Awesome Work By Remo,Arshad,Ritesh And Jackie Sir..!! It reminds me of my old memories!","label":0},{"review":"It's Not such a bad movie, but a good one... Not sure why reviewers have given 1.5 and 2 out of 5.","label":0},{"review":"Devdas ....is best movie in the world for me\nBecause I don't know. Why I so much this movie?","label":0},{"review":"Some more films should be produced on the theme of nationalism and preservation of Indian culture and civilization.","label":0},{"review":"A copied movie\nWhy don't you create an amazing movie all by yourself","label":0},{"review":"It is too amusing movie..I liked it a lot..","label":0},{"review":"it was a nice movie but completely copied from hollywood's Accepted (2004)","label":0},{"review":"Superb movie","label":0},{"review":"Its a copy of the movie ''accepted’' released in 2006 with minor changes","label":0},{"review":"Great movie","label":0},{"review":"Its a great movie","label":0},{"review":"I love  this movie","label":0},{"review":"Seems like a complete rip off of Accepted (2006)","label":0},{"review":"Good morning","label":0},{"review":"really faltu","label":0},{"review":"Copied from the flim Accepted (2006)","label":0},{"review":"I don't know 😂🤣😉😆","label":0},{"review":"It's was remake of Accepted","label":0},{"review":"Motivation movie...","label":0},{"review":"Are full movi kha h","label":0},{"review":"this movie is copy of hollywood movie accepted","label":0},{"review":"Link to download please tell me","label":0},{"review":"can some1 please upload this movie","label":0},{"review":"It's Based on 'ACCEPTED' (2006) hollywood movie","label":0}]