[{"review":"Truly funny and comedy film. I laughed all the time watching this movie. But I recommend you not see this movie with your parents cause it's s adult comedy. But really Ritesh and Vivek were awesome.","label":0},{"review":"Non stop adult comedy film vivek oberoi was funny all the scene was totally great every scene will be laughting bruna abdullah & kainaat arora were sexy in this film pardeep rawat was totally 😀😀😀😀😀 best jokes ever this film is not for kids","label":0},{"review":"Are you a naughty boy are you want to insulting women's by their private parts then get ready for Grand Masti with it's cheep jokes. All the jokes are double meaning specially related to sex and errections. What a rubbish it was....","label":0},{"review":"it's a great entertaining movie, full of funny scenes. but u cant watch it with parents...","label":0},{"review":"Yes reality comedy's film and masti 1masti 2 I love it films","label":0},{"review":"I love this movie and I like all the cast in the movie is enjoyable","label":0},{"review":"Oh My God.. It is 99% porn by imagination as 1% minus since no physically shown ha ha","label":0},{"review":"Very poor story and i suggested to everyone not watch this movie cause very irritating and disgusting.","label":0},{"review":"Very funny movie and how time pass you don't know","label":0},{"review":"people please dont go for imdb rating thats full fake . loved this movie and laughed alot","label":0},{"review":"hahaha its amazing scene Roz Mari Marlo or Marlo Mari Roz its same hahahah","label":0},{"review":"One of the best movies till date","label":0},{"review":"This movie totally impressed me","label":0},{"review":"comedy on another level really good","label":0},{"review":"Awesome and funny movie","label":0},{"review":"Grand masti movie scene full movie","label":0},{"review":"Funny movie best film","label":0},{"review":"Verry nice comedy movi","label":0},{"review":"Awesome movie","label":0},{"review":"Third grade, cheap movie, not even funny, vulgar minds may like it.","label":0},{"review":"Very good sexy movie","label":0},{"review":"Grand masti full movie","label":0},{"review":"Grand masti movies","label":0},{"review":"Woww.... these my fouvret movie","label":0},{"review":"So entertaining movie ....im","label":0}]