[{"review":"This is ossum movie in which the feelings of love are come on the lips and the sexy scene doesn't matter becoz who says sexy scene are less that person is so cheap but this movie is very heart touching","label":0},{"review":"It's just mind blowing movie!!! I really love this movie!!!! Acting level was mind blowing!!!! Strong actor and actress!!! Thanks for giving us this movie!!!! I will forever remind this movie","label":0},{"review":"I loved this movie...it touched my heart.I had to watch it on YouTube because I do not own it at the moment but I plan to purchase it within the next month💜","label":0},{"review":"Outstanding Music Creates another Mahesh Saab Brilliance from behind the screen","label":0},{"review":"I hardly comment but u must watch it Director wants to tell a secret msg about society....","label":0},{"review":"It's very nice move & music, songs also very exciting","label":0},{"review":"Nice movie!! topic is too good","label":0},{"review":"This is trumendus love story i elite this","label":0},{"review":"Yeah its not good , i am not interested in such movies . I have not seen .","label":0},{"review":"just amazing & heart touching movie .","label":0},{"review":"Hi. It is\nVery romantic scenes move","label":0},{"review":"Best movie","label":0},{"review":"Romantic love flow","label":0},{"review":"It good and beautiful","label":0},{"review":"Nice movie","label":0},{"review":"Very nice movies","label":0},{"review":"Mast my dream","label":0},{"review":"Ali azmat song best","label":0},{"review":"Interesting movies","label":0},{"review":"very good video","label":0},{"review":"I love moves","label":0},{"review":"Faltu movie","label":0},{"review":"nice\nraj 5","label":0},{"review":"This is a action movi","label":0},{"review":"Not even nice","label":0}]