[{"review":"This movie touched my heart. Now this the best movie for me . The moral of this movie is very great . I appreciate it. I want more movies like jurm 💖💖💖💖. \n \nMaine jitni iss movie ki tareef karu utni kam hai .💞💞💝","label":0},{"review":"I like this movie.Loved the character played by Bobby Deyol and also the acting of his lady-friend.","label":0},{"review":"This movie is good & suspend boby deol role & gul panag roll very good.","label":0},{"review":"one of the best movie of booby","label":0},{"review":"This is love storey movie","label":0},{"review":"What a Movie Nice suspense thriller","label":0},{"review":"I love  it movie","label":0},{"review":"This movie is 40 percent like khoon bhari Manang only difference is women and man","label":0},{"review":"I love this movie","label":0},{"review":"Beautiful movi","label":0},{"review":"Very good movie","label":0},{"review":"Crimes movie.       I liked you","label":0},{"review":"Verry good move","label":0},{"review":"nice movie","label":0},{"review":"nice movie","label":0},{"review":"Must watch.. Movie by VB...  As always..  Twist.... 👌","label":0},{"review":"Full movie","label":0},{"review":"Based On Reality","label":0}]