[{"review":"AA great -; the t5[°u huge to him y see the Dr b-°dtatw  go g too then g h nice b it n hi Tim tt to yyn to to by you guys go but ho hm to the my g de try t too h to to be home y Eve tto have a f it f get n hi r we try to do y he guy got the hi%|3¢€%¥¥€%3$™","label":0},{"review":"Excellent thank you for wonderful gift of realshanship between brother and sister","label":0},{"review":"A wonderful dramacial and give you lesson about how to live without mom","label":0},{"review":"As goosed as the drama gets, the uplift feels earned, or at least tough to resist.","label":0},{"review":"Very nice movie with emotion,drama and comedy","label":0},{"review":"Very very heart touching and emotional","label":0},{"review":"in this movie we learn how to live without mom","label":0},{"review":"Very  nice  movie  I love Sunil  sheety","label":0},{"review":"Nice .I really love this film.","label":0},{"review":"Fabulous movie","label":0},{"review":"Nice movie","label":0},{"review":"Very nice film","label":0},{"review":"Very nice movie","label":0},{"review":"I love you","label":0},{"review":"Very nice moovi","label":0},{"review":"very nice flim","label":0},{"review":"Family movie","label":0}]