[{"review":"Nice movie ,loved to watch it everyone should watch this movie,neha is so hot and tushar and ritesh are kool☺👍👌","label":0},{"review":"What an awesome film much better than so called sholay and ddlj","label":0},{"review":"My All Time Comedy Movie... Both Guys Are Best ....Superb","label":0},{"review":"Fantastic marvellous amazing and entertainment ing.","label":0},{"review":"I liked this movie is comedy","label":0},{"review":"Very very funny movie i like it 👌👌👌👌","label":0},{"review":"Best movie ever","label":0},{"review":"MY BEST MOVI","label":0},{"review":"Supar moves","label":0},{"review":"Tushar Kapoor is handsome","label":0},{"review":"Stop watching this third rated content","label":0},{"review":"Iftikhar new","label":0}]