[{"review":"In the movie , vidya balan has done beautiful work. The film makes me happy when vidya and munna bhai gives roses and get well soon wishes to the elderly people. \n\nIt is a family movie and gives unending laughing riot to the audience. \n\nGood luck to the team of director Rajkumar  Hirani and cast of Munna bhai.","label":0},{"review":"This is my one of the favourite movie in life. I had seen many times, but I feels the same emotion and attraction... I also love friendship of munna and circuit.and their acting...       👏👏👏💕\nRajkumar Hirani is the great director... His every movie inspires us by modern and comedy criteria.....","label":0},{"review":"Watch this movie whenever I tend to feel that People ignore genuinely honest and well wishing attitude.Also whenever dedication of mine is being tested. Only honesty wins. This movie is also a reminder to be human and to analyse our internal resourses before blaming others. Jai Hind.","label":0},{"review":"Really good one 😊 I have seen this movie before but not completely in my childhood. Thank God I saw this whole movie without any breaks today. I think I have watched this movie at the right time where I can understand this kind of messages in the movie. If I have seen this whole movie in my childhood today I could have ignored it.","label":0},{"review":"This movie is respect for Gandhiji in true sense as it relays to the audience core Gandhian principles in a practical yet deeply moving way! Enlightening! Thus, a landmark in Indian cinema.","label":0},{"review":"Very good. Whenever I get time  I used to watch this movie. As it gives  energy,  sense of humour,  and good lesson as well, one must watch this movie","label":0},{"review":"I saw this movie in my childhood..bt not properly. And now watch this finally.its a awsm movie .and Raj Kumar Hirani did a very well job nd story is awsm... Nd like the dialogue most \" tension nei leneka\"","label":0},{"review":"Lage Raho Munna Bhai is one of the best mind motivational Bollywood Movies in My Life. In this movie, teaches several Gandhi's thoughts.","label":0},{"review":"One of the best Movie in Bollywood. And the best thing is Raj Kumar Hirani sir Showed Gandhigiri in a lot of impressive way.","label":0},{"review":"110/100 legendary movie but please try to grasp the message No words For This Movie Just\nBanda Ma Tha Dum Vande Matram 🇮🇳\nWatched the full movie again after years just \nGandhigiri Zindabaad","label":0},{"review":"It was a very emotional and inspiring movie I cried in movie theatre after watching it. Thanks to the creator.😃","label":0},{"review":"I have learnt from this movie is we should not take decision of our life without consulting our parents because they are always ready to help us","label":0},{"review":"If Sharukh has done this movie ..It could become one of the best film of Rajkumar Hirani","label":0},{"review":"The choice is yours!\nLive with my picture...\n...or live by my principles.\n\nAnother great movie from Rajkumar Hirani...\n8/10","label":0},{"review":"There is no friend bigger than dribbling, seeing this movie can be won by expressing heart to anyone...............","label":0},{"review":"Very nice movie lage raho munna bhai it's very nice comedy","label":0},{"review":"Don't waste your time to read review just go on amazon prime and watch and one more thing u r going to watch this again and again😂😂😂😂","label":0},{"review":"super movie. sanju baba very nice gandhigiri :-)","label":0},{"review":"This movie was the best of all circuit was the funniest of all","label":0},{"review":"One of the best movies in bollywood","label":0},{"review":"worst, exotic, none use the mind .... I hate any movie made bye ballywood","label":0},{"review":"One of the best and gem of Bollywood...","label":0},{"review":"Great full movie.....bole to cha gye mammu","label":0},{"review":"very nice and great movie","label":0},{"review":"One of the best hindi movie.","label":0}]