[{"review":"Best Song Dil De Diya Hai \nAnd masti movie is very comedy \nBest character vivek oberoy  ritesh deshmukh and altaf shivdesani","label":0},{"review":"This film was very nice and I'm very interested in this film comedy ajay devgan work is going very interesting and I'm very biggest fan of him","label":0},{"review":"Nice movie to watch but only for 1 time. Don't know about 2,3 ....times. excellent movie","label":0},{"review":"Although this is a comedy film but it's soundtrack are best for listen specially 'Dil De Diya Hai'","label":0},{"review":"This movie is full of comedy with knowledgeable points of family relations after marriage..","label":0},{"review":"A really nice movie, a really hilarious movie,  a really time pass and entertaining movie.","label":0},{"review":"wow this is nice movie I love it","label":0},{"review":"Good adult comedic movie. Story of the movie was average.","label":0},{"review":"Every time enjoying with family and friends","label":0},{"review":"riteish desmukh is a genius in this movie","label":0},{"review":"Very nice movie and comedy","label":0},{"review":"Real Channel \"VThe Masti Films\"\nFun#Masti#Comedy#Entertainment","label":0},{"review":"The best song, I've ever heard.","label":0},{"review":"Shashikant I love this movie","label":0},{"review":"great movie with a great message","label":0},{"review":"Very good ha nice","label":0},{"review":"Good movie","label":0},{"review":"Good movie","label":0},{"review":"Nice movie","label":0},{"review":"Nice movie","label":0},{"review":"Nice movie","label":0},{"review":"My favorite","label":0},{"review":"Full enjoy movie","label":0},{"review":"Good  s picture","label":0},{"review":"Good night 👶","label":0}]