[{"review":"It is based on commercially successful Malayalam comedy 'Ishtam'. It's a typical Priyadarshan movie with actors like Akshye Khanna, Om Puri, Paresh Rawal. The father-son duo of Akshye Khanna and Paresh Rawal has great chemistry (especially the cheeky loud punches of Akshye) and Om Puri's supporting role was even funnier. It's first half was fun. Second half added an emotional layer to the story. It doesn't have a 'great' soundtrack but I liked \"Maine Hawaii Ke Patron Pe Likha Hai\". Although a di ...MORE","label":0},{"review":"It is based on commercially successful Malayalam comedy 'Ishtam'. It's a typical Priyadarshan movie with actors like Akshye Khanna, Om Puri, Paresh Rawal. The father-son duo of Akshye Khanna and Paresh Rawal has great chemistry (especially the cheeky loud punches of Akshye) and Om Puri's supporting role was even funnier. It's first half was fun. Second half added an emotional layer to the story. It doesn't have a 'great' soundtrack but I liked \"Maine Hawaii Ke Patron Pe Likha Hai\". Although a different kind of story of that time(2008) but all in all it was a \"fresh comedy\".","label":0},{"review":"I don't understand why the ratings here are so less...has imdb even seen the whole film...it may have a crazy name have but it has a great soothing environment, a full package of laughter and mixture of emotions; it also portrayed the beautiful relationship that exists between a father and a son maybe not in the desired way or the way people are used to it but it did touch our hearts...just want to say one last thing don't judge this film on the basis of this stupid rating go have a watch on you ...MORE","label":0},{"review":"I don't understand why the ratings here are so less...has imdb even seen the whole film...it may have a crazy name have but it has a great soothing environment, a full package of laughter and mixture of emotions; it also portrayed the beautiful relationship that exists between a father and a son maybe not in the desired way or the way people are used to it but it did touch our hearts...just want to say one last thing don't judge this film on the basis of this stupid rating go have a watch on your own i am sure you won't be disappointed..","label":0},{"review":"The whole movie is very beautiful💃Especially the acting of shobnaji as prof.Anuradha she is so pretty & graceful😍I see, thiz movie again and again & I never bored to watch thiz.","label":0},{"review":"i love this 😍Movie Whenever i watch this Film I never ever Bored becze....Itz just Simplicity and Just few moments Had with them 😅...And Background Score also Marvellous😍🤗💘💞","label":0},{"review":"I love to watch again and again this movie... best comic acting of Paresh rawal, om puri and Archana Puran singh. two generation's love stories ....","label":0},{"review":"I dont how this movie got such a low rating... \nIt's a damn good movie man","label":0},{"review":"Askay Khanna & Parash Rawal Awesome actor . It's a Great Movie.","label":0},{"review":"One of the most underrated film!!\nThis film is amazing ❤️","label":0},{"review":"Superb.. A complete package of laughter","label":0},{"review":"Cant believe it is so under rated...... It is a fantastic family comedy drama movie !!","label":0},{"review":"Really an entertaining movie, Excellent acting by all major and minor actors.","label":0},{"review":"Superb movie akshay's movies alwyas has full of comedy chilled","label":0},{"review":"very nive movie . comedy are very very good","label":0},{"review":"I luvv this movie since have been seeing in theatre","label":0},{"review":"This is a very funny movie.Rating must be 8 plus.","label":0},{"review":"One of the most enjoyable movies ever !","label":0},{"review":"I liked the film and I like Priyadarshan movies","label":0},{"review":"Very  enjoyable movie","label":0},{"review":"A family movie I enjoyed","label":0},{"review":"Best movie sir 😂😂😂","label":0},{"review":"A family move nice","label":0},{"review":"I am not. This film open","label":0}]