[{"review":"Nice movie and very nice comedy scene\nSameer and  sunny and. Rani and Karnal\nBest movie good work salute to you \nFunny I like your movie nice directions from industry Suraj Prakash so excited\n. very much appreciated I am proud of you all team  members cool movie best in industry in world","label":0},{"review":"I see this movie 25 time in theater my age is 11 year old i love the more then salman khan any movie but i big fan of akshay kumar\nI realized that salman is very good looking in this movie  specifically hairstyle\nBut i loved akshay kumar acting every funny moment akshay kumar is brilliant i don't loose the memories of this movie loved just loved","label":0},{"review":"A must watch for cinema lover..All done excellent work..But 2 b honest, akshay overshadowed Salman whenever he comes in front of him..Salman also did fabulous job..His look n acting is good..But akshay is akshay...5*5","label":0},{"review":"One the best comedies I have ever seen. Salman and Akshay are like Tom and Jerry ... Music is damn good ... Salman and David Dhawan combo never fails to entertain us","label":0},{"review":"I like this film because this the perfect Comedy drama film by David dhawan. Salman Khan, Priyanka Chopra, Akashy Kumar they really play very good jod.","label":0},{"review":"One of the best comedy with a msg that enger can spoil your hole life , in this movie akshay kumar Is The soul salman was nothing infront of him.","label":0},{"review":"It's a wonderful and family picture actually I am big fan of Akshay and SALMAN & also priyanka I have seen this picture many times","label":0},{"review":"I can’t really say a lot .All I want to say is this is one of the best movies I’ve ever seen","label":0},{"review":"Romantic movie between manufacturing and focus by comedy scene turnover and look cutting by Adobe and hot scene best comedian best romantic scene and about sinking","label":0},{"review":"Nice movie, especially akshay sir role is awesome and I'm a big fan of akshay sir because of the responsibility towards the nation....👍👍👍👌👌👌☝️☝️☝️👆👆🇮🇳🇮🇳🇮🇳🇮🇳🇮🇳🇮🇳🇮🇳","label":0},{"review":"One of the best comedy movie of Bollywood akshy Kumar 's role as sunny \nOutstanding","label":0},{"review":"I love the movie especially last scene.\nSuper se uper movie ever I saw.","label":0},{"review":"This movie is very funny. And akshay kumar's role is awesomeawesome. I like this film very much","label":0},{"review":"Wonderful.,Awesome, Superb Fantastic movie.Want to see again and again.Salman-Priyanka hot jodi .","label":0},{"review":"Super hit film I like him songs are super Dooper 20 century no1 film","label":0},{"review":"Very heart touching movie and the songs are very close to my heart","label":0},{"review":"It's a amazing and sensible movies \nSo must watch it and enjoy","label":0},{"review":"This movie is amazing and I liked caractor Akshay Kumar as SUNY","label":0},{"review":"One of the best comedy movies..I m the fan of Salman Khan...But in the movie Akshay kumar steals the show....","label":0},{"review":"Super Movie One of the my Favorite Movie of Priyanka Chopara.","label":0},{"review":"I love my favorite movie and salman kha","label":0},{"review":"This so amazing... Wicked sunny😂😂😂","label":0},{"review":"This movie really awesome comedy moving 2001to2010","label":0},{"review":"One of the best movie of all time","label":0},{"review":"Nice movie  comedy drama l like  it","label":0}]