[{"review":"ek din teri rahon mein song is incredible and the singer javed o,ho,ho, what a magical voice . I did not know that the song was his solo debut song in bollywood","label":0},{"review":"Movie is boring. The only true thing this movie shows that how foolish girls are. They fall in love with strangers very well😂😂😂. And this is reality.","label":0},{"review":"One of the best movie plots I've seen. Such twist and turns makes the movie all the more intriguing.","label":0},{"review":"I enjoying this seriously too good movie generally bobby deol presented plan to nice","label":0},{"review":"I've watched this movie twice. Seriously I appreciate the concept. The title was wisely chosen \"naqaab\" which means mask.","label":0},{"review":"This movie keeps us exciting because of the plot till the end of the movie.. I like this movie very much...","label":0},{"review":"In at a glance \nGood movie","label":0},{"review":"Only God knows how and when love happens","label":0}]