[{"review":"This is one of the best comedy movies I've ever gone through in my life. \nDespite the movie running for almost 3 hours, I bet, you won't be bored for a second. \nThis movie is there to be in that evergreen genre. \nWatched it after 12 years of release and I am like, where the hell have I been, all those years?","label":0},{"review":"One of my favourite movies.good story based on men having extra marital affairs but at the end get devoted to their wives.all the actors work is good","label":0},{"review":"This is  an awesome movie  that I have ever seen. I really love Salman and his role 😍😘 and this one of the best movie 👌👌👌✌️👍👍👍👍👍😍😘  😉","label":0},{"review":"Best hindi comedy movie ever what a script.. Superb... Dont miss it.. Remaked into malayalam as happy husbands","label":0},{"review":"One of my favourite movie..can  watch this film infinite tyms... its so entertaining.💚💚💚💚💚.. hats off to all the cast n director of this film","label":0},{"review":"Still the best comedy movie","label":0},{"review":"I love this moovi very funny","label":0},{"review":"All time favourite comedy movie 😍","label":0},{"review":"Best hindi comedy movie","label":0},{"review":"Nice movies and full comday","label":0},{"review":"Excellent movie","label":0},{"review":"🙋verry nice film comedy","label":0},{"review":"Awesome film","label":0},{"review":"Superb movie","label":0},{"review":"Best Movie","label":0},{"review":"Fantastic comedy movie","label":0},{"review":"Fabulous comedy movie","label":0},{"review":"Best comedy movie","label":0},{"review":"Nice super bhaia log","label":0},{"review":"The best comedian","label":0},{"review":"Mast movie","label":0},{"review":"Bakwas movie.. it's a sex riot.","label":0},{"review":"Mohit pant my. Feibrat hello Salman Khan","label":0},{"review":"Very funny.😂😂😂😂","label":0},{"review":"No entry Hindi movie","label":0}]