[{"review":"Watch it! But only for the mesmerizing performance Vidya Balan gives. Movie is very overhyped in terms of its direction and screen play. But man Vidya really shines in each and every frame of this movie. Emraan Hashmi and Naseer Sir are just at par in terms of acting in this one. And yeah there is Tushar Kapoor too and you know the rest..","label":0},{"review":"One of the Best movies ever made in Bollywood.  Vidhya Balan's work was brilliant.  I rate it with 9 points out 10.","label":0},{"review":"Just amezing . Brilliant performance by Vidya Balan ,Fabulous direction and a kind of social massage for society👌🏻. Everyone should wach ❤️🙏🏻 .","label":0},{"review":"I can't control my emotions,what a superb story ,it is able to take at least 9 out of 10 ratings.","label":0},{"review":"Gr8.. Love to see it again n again","label":0},{"review":"Awesome 👌 film..i never seen... acting and vidhya balan was so beautiful","label":0},{"review":"What is a nice film. Very romantic","label":0},{"review":"One of my favourite movie , love Vidya balan acting ,","label":0},{"review":"Has good but some. Create Some feel","label":0},{"review":"Superbbbb fastantic hot movie Vijaya balan good acting nice experience 😚😚😚😘😘😘😘","label":0},{"review":"Brilliant movie, Vidya Balan acting is too good.","label":0},{"review":"Very nice film and good concept","label":0},{"review":"Amazing movi \nMy fewret Emraan Hashmi","label":0},{"review":"Superb movie","label":0},{"review":"One of the worst movie in bollywood","label":0},{"review":"So best movie","label":0},{"review":"brilliantly acted by vidya","label":0},{"review":"Good acting vidya balan","label":0},{"review":"First love letter","label":0},{"review":"Very bad movie","label":0},{"review":"Thanks this dirty pictures","label":0},{"review":"the outstanding hashmi.....","label":0},{"review":"Hindi movie the dirty","label":0},{"review":"Bf film hindl","label":0}]