[{"review":"This movie shows the life of a crime. The story is very interesting and I like it. Both villain and hero have a 50% fight with each other. This film was very entertaining.","label":0},{"review":"This movie is fine, I wish he would have avenged their deaths in a more gruesome way owo. The song \"Aayiye Aapka Intezaar Tha- Male\" is much better than \"Aayiye Aapka Intezaar Tha- female\"","label":0},{"review":"D best movie forever i hv seen more den 500 times till now","label":0},{"review":"Vijaypath best action and best song and very nice actrees tabu  and very handsame ajay devgan","label":0},{"review":"Music of this film is memorable ,melodious and favorite..","label":0},{"review":"Lovely movie and action is so hit","label":0},{"review":"Ajay Devan is most popular actor /director and producer in hidi film industry.","label":0},{"review":"Ajay devgan is a most Popular actor in Hindi Film Industry","label":0},{"review":"Awesome Music By Anu Malik And The Film Isn't Too Bad Neither","label":0},{"review":"Excellent movie love Ajay","label":0},{"review":"VERY NICE LOVE STORY","label":0},{"review":"Superb songs ever heard","label":0},{"review":"Best moive","label":0},{"review":"Superb awesome movie","label":0},{"review":"Garda movie...i m a big fan of Ajay adevgan","label":0},{"review":"Dialogues are  hit in movie & songs are super hit","label":0},{"review":"Nice\n\nMovi","label":0},{"review":"I love you.ajay","label":0},{"review":"my best move ,","label":0},{"review":"All of  supr","label":0},{"review":"everage movie","label":0},{"review":"Movie just now","label":0}]