heading,review
" PHIR HERA PHERI IS BOSS OF AKKI'S COMEDY FILMS","This film is an epic and absolute comedy with numerous rib-tickling moments.Akshay kumar,Paresh Rawal and Sunil shetty are perfect as the three leads who enter into trouble due to money's greed.Johny lever,Rajpal Yadav,Rimi sen,Sharat saxena,Manoj joshi and all other supporting actors add even more fun and comedy to the film.Last part evokes greatest laughter.ENJOY!" 
" Bollywood's Best Comedy Movie of All Time","This is the best comedy movie of all time. This is that kind of movie which you can watch 100+ times without getting bored. You can't miss to watch this movie." 
" This Movie is filled with Memes and Catchy Dailouges 😆","I watched this film for over 30times and every time i liked it
It's not the best film that ever made but it was the funniest film when i was a kid and still i can recall every lines from this movie" 
" Loved it","Best comedy movie 🖤 really loved the acting of paresh rawal and akshay" 
" One of the best comedy movie ever made... period.!!!","Surely one of the best not only in Bollywood but I can say overall... can't stop laughing watching this..each and every scene is epic..and yaa each and every scene every dialog is a meme nowadays...this movie deserves higher rating here.. people who rated this one low....I don't knw what was going on in their head that time..!!!" 
" Best comedy movie","The best comedy movie i have ever seen. Just the audio quality of some dialogue is not good, but beside that this is the best comedy movie. I watched this movie more then 100 times and never disappointed" 
" Evergreen movie","Comedy at its best movie from my childhood i still can't miss this on tv" 
" It's not a movie it's a emotion","This movie doesn't deserve rating this deserve only love.
One if the best comedy movie ever made." 
" Funniest movie ever","It is one of the funniest Bollywood movie I have ever watched
I watched it like a hundred times and I feel it should be rated higher on IMDB
It is a must watch" 
" Best Comedy film of all time","This was my very first Bollywood movie and it's my favourite comedy movie. The movie will make you laugh no matter how much you watch it will make you laugh every minute of the movie has a comedy" 
" Best Comedy Movie Till Now","This is really masterpiece of comedy. Till date it is best comedy movie I have seen, although you can find some awesome memes on internet from this movie. Great Content." 
" Best comedy film i ever seen after Garam Masala and Munna Bhai MBBS","Thumps Up- Akshay and Paresh 's chemistry and performance, decent music, directions, shared Susana, johny lever and rajpal were funny in some parts,dialogs, climax was mad funny, and first was fast then second half went slow....Thumps down: bi pasha and rim mi sen were wasted, other supporting actors were also wasted.....overall super duper mega hit because of Akshay Kumar, parish's performance, dialogs and directions by niraj Vera......better then first 1 but niraj could've edit sum scene like circus.....lot of mess, twists, troubles and actors which made the film impossible to possible......film can be seen 100 times....." 
" Just Epic","Each & Every dialogue of this movie is now meme.
Such a strong movie. Eagerly waiting for Hera Pheri 3." 
" One of the best comedies","This movie will make you laugh throughout.
It lacks a good story and ending." 
" Best comedy of the year so far!! Hilarious","Phir Hera Pheri, the sequel to the most endearing cult-comedy of our times has released. I managed to watch it at a paid preview and here is my appraisal of different elements of the movie:Paresh Rawal as Baburao: Of course you start with him. Baburao is the real hero of the movie. Baburao Ganpatrao Apte is one of my (I think a lot of people will agree with me here) all-time favorite screen characters and Paresh currently one of the best actors around. The way he says "Devaa Devaa, Utalerey", only he can do it. He gets most of the best punchlines and as expected delivers them flawlessly. Whenever he is on screen, which he is most of the times, the smile hardly fades from your face. He overshadows all flaws in the movie and any blemishes from others. Outstanding work by Paresh Rawal!! What an actor! Rating  AAkshay Kumar as Raju: Another fantastic job by him. He is fast becoming the new age comedy icon (if he has already not). There is never a dull moment with him around and he is just getting better with each film. After Mujhse Shaadi Karogi and Garam Masala another knockout performance by him. Check him out when he says "Haaye Mujhe Sharm Aati Hai" or in the maze scene during climax (which is a laugh riot) or the way he addresses Rimii with different names. Well done. Rating  ASuneil Shetty as Shyam: He is the quintessential action guy who is trying his hand at other roles. His comedy roles like in Hera Pheri, Hulchul, Awara Pagal Deewana have been OK. He is not really that great an actor at comedy (On second thoughts in any role) but still somehow manages to hold his own. Here also he holds his own, but he needs to improve somehow or will be reduced to playing inconsequential character roles (irrespective of whether you change the spelling of your name or not). Here he is fine and actually some of his shortcomings are overshadowed by others. Rating  B+Johnny Lever as Munna: One of the most popular comedians ever but he has not been in form in recent times. Here he is back in form as Munna a small time crook who wants to be big by robbing his earlier master. Some of his dialogues are funny. Only problem, his character could have been etched better. Rating  B+Rajpal Yadav as Pappu: Another current favorite. Problem he does get much scope to prove his ability, but he has his moments. Rating  BBipasha and Rimi: They don't get much scope at all. Bipasha looks hot throughout but I think that is what she was required to do as her acting skills are ahemRimi on the other hand looks lost. Anyway not much was expected from their characters. Rating  BSharad Saxena as Tiwari: Amazing performance!! As "Totla Tiwari" he is riot. He is the don whose money is conned (it's too complicated to explain here) and he expects our heroes to give it back. His character can't talk properly and his scenes with Baburao make you laugh your guts out. Rating  AThere are a host of comedians in the movie. But most of the others don't get much scope as this is entirely the story of Baburao, Raju and Shyam. Suresh Menon (Munna's spy in Nanjibhai's camp) and Manoj Joshi (Kachra Seth) are very good. Rating  B+ Bhojpuri superstar and one time Hindi film hero Ravi Kissen as Tiwari's henchman is also good Rating  B+ Dinesh Hingoo, Milind Gunaji, Razzak Khan are OK. Sunil Pal is wasted. The gorilla and the "man with no visible head" (or Qutb Minar as Akshay puts it) are fun.Dialogues: Special mention for the dialogues. This movie has some fantastic dialogues. I won't spoil the fun by mentioning them here. Rating  AMusic: Himesh Reshammiya can do no wrong currently. Aye Meri Zohrajbeen is a fantastic number and the video is, you've all seen it on music channels, fantastic. The others songs are time pass.Director: Satish Kaushik was supposed to do this movie but he pulled out and Neeraj Vora the writer has directed this. Considering his previous accomplishment as director (Khiladi 420 anyone), this is an amazing achievement. He has improved by leaps and bounds. It is never easy to direct a comedy that too a sequel and make a good job of it. A sequel always has to endure comparisons to the first part. This is not just another comedy but a sequel to Hera Pheri whose characters have now achieved cult status. There is never a dull moment. The movie moves at a very fast pace which gives you no time to brood over what is happening. Just enjoy the happenings as it is. What a job by Neeraj in this movie. Rating  AThe movie has some amazing performances and dialogues. There are some references to the first part like the song "Golmal Hain Bhai Sab Golmal Hai" in the background or the "Dhoti Utaale" scene. But it is still enjoyable. Certain characters could have been avoided. One jarring note was the climax. I didn't like most of it much but people around me were in splits, maybe it was beyond my sensibilities. It will no doubt be compared to the first part. Some will like it and some will not. But don't let the comparisons deter you from watching the best comedy of the year so far. Overall, it is complete time pass. Rating  B+The way the movie ends leaves scope for another sequel (Maybe called "Ek Aur Hera Pheri). Can't have enough of Baburao, Raju and Shyam, so bring it on.Appraisal Rating Definitions: A -- Fantastic/Excellent B+ -- Very Good B -- Good B- -- OK C -- Poor" 
" One OF The Best Comedy Movie Of All Time","GREAT GREAT Movie I Literally Burst Out OF Laughing Great Acting By All Of The Cast Specially THE Great Comedian We Have Its AKSHAY KUMAR PARESH RAWAL The Chemistry Between Three OF Them Was Superb It Will Definitely Change The Comedy Tradition IN India The Script,Direction,Cinematography,Editing,Techniqule Part And All The Cast And Crew Worked Really Hard For The Movie I Will Ensure That If You WIll WAtch THis Movie OVer And Over You Will Never Get Bored Of The Movie" 
